﻿id,parent_id,title,message,type,buttons,button_links,keywords,notes
0,,Boas-vindas,"Olá! 👋 Sou a Assistente Virtual da Central de Regulação do HMASP. Como posso ajudar?
Escolha uma opção:
1. Consultas
2. Exames
3. Internações/Procedimentos
4. Informações Gerais
5. Avaliar Setores (NPS)
6. Ouvidoria
7. Falar com atendente",menu,Consultas|Exames|Internações/Procedimentos|Informações Gerais|Avaliar Setores (NPS)|Ouvidoria|Falar com atendente,||||||,oi|olá,Sempre retornar a esta mensagem ao voltar ao Menu Principal.
1,0,Consultas,Escolha uma opção:,menu,Agendar|Confirmar presença|Desmarcar|Menu Principal,|||,consulta|consultas,
1.1,1,Agendar consulta,"Essa funcionalidade ainda está em desenvolvimento e no momento não é possível realizar agendamentos via WhatsApp.
Você pode entrar em contato pelos canais de atendimento ou deixar uma mensagem para um operador humano, que poderá entrar em contato caso tenha disponibilidade.

Escolha uma opção:",menu,Quero saber os canais para agendamento|Já sei os canais de agendamento|Quero deixar uma mensagem|Menu Principal,|||,agendar,
1.1.1,1.1,Canais para agendamento,"Canais de atendimento disponíveis para marcação de consultas:
• Presencialmente, no balcão de atendimento do HMASP
• Pelo telefone, através da Central de Atendimento no número (11) 3278-4000
• Pelo site EB Saúde: https://marcacao-consulta.eb.mil.br/",info,Menu Anterior|Menu Principal,,,
1.1.2,1.1,Encerramento cordial (agendar),"Tudo bem! Sempre que precisar, estou à disposição.

Atenciosamente,
Equipe do HMASP.",info,Menu Principal,,,
1.1.3,1.1,Deixar mensagem (agendar),"Para agendar, preciso de alguns dados:
• Nome completo
• CPF
• Telefone
• Especialidade desejada
• Preferência de data/turno

Essa funcionalidade ainda está em desenvolvimento e as marcações não são automáticas.

Toque em 'Deixar uma mensagem' para escrever.",input,Deixar uma mensagem|Menu Principal,input:free_text|,,"Após o paciente terminar de escrever e ficar 2 minutos inativo, agradecer e encerrar: 'Atenciosamente,
Equipe do HMASP.'"
1.2,1,Confirmar presença,"A confirmação de consulta é realizada por mensagem automática enviada 72 horas antes da sua consulta via WhatsApp.
Quando receber, responda ‘Confirmar’ para registrar sua presença.
Fora desse período, utilize os canais oficiais (presencial, telefone ou EB Saúde).",info,Canais de atendimento|Menu Anterior|Menu Principal,,,
1.2.1,1.2,Canais de atendimento (consultas),"Canais oficiais:
• Presencialmente, no balcão de atendimento do HMASP
• Pelo telefone: (11) 3278-4000
• EB Saúde: https://marcacao-consulta.eb.mil.br/",info,Menu Anterior|Menu Principal,,,
1.3,1,Desmarcar,"Não é possível desmarcar consultas pelo WhatsApp. A desmarcação deve ser feita exclusivamente pelos canais oficiais de atendimento (presencial, telefone ou site EB Saúde).

Deseja mesmo assim deixar uma mensagem que poderá ser analisada por um operador humano?",question,Deixar uma mensagem|Menu Anterior|Menu Principal,,,
1.3.1,1.3,Deixar mensagem (desmarcar),Escreva sua mensagem livremente. Um operador poderá analisá-la.,input,Enviar|Menu Principal,input:free_text|,,"Após 2 minutos de inatividade, agradecer e encerrar: 'Atenciosamente,
Equipe do HMASP.'"
2,0,Exames,Escolha uma opção:,menu,Agendar Exames|Preparos|Resultados|Menu Principal,,exame|exames,
2.1,2,Agendar Exames,"Essa funcionalidade ainda está em desenvolvimento e no momento não é possível agendar exames via WhatsApp.
Atualmente o agendamento de exames é feito pelos seguintes canais:
• Presencialmente, no balcão de atendimento do HMASP
• Pelo telefone, através do número (11) 3278-4009",info,Menu Anterior|Menu Principal,,agendar exame,
2.2,2,Preparos,📋 Escolha o exame para ver o preparo:,menu,Exames de sangue|Urina (EAS / urocultura)|Fezes (parasitológico / PB)|Ultrassom|Mamografia|Tomografia|Ressonância Magnética|Endoscopia|Colonoscopia|Teste Ergométrico (esteira)|Menu Principal,,preparo|preparos,"Rodapé fixo (para todos os exames): 'Estas orientações não substituem avaliação médica. Informe sempre se você é gestante, diabético(a), tem marcapasso, prótese metálica, doença renal ou usa anticoagulantes.'
Botões fixos: Falar com atendente | Voltar ao menu principal"
2.2.1,2.2,Exames de sangue,"🩸 Preparo para Exames de Sangue
• Alguns exames exigem jejum de 8h, outros não. Verifique no seu pedido médico.
• Se não houver instrução, siga a recomendação padrão de jejum de 8h.
• Pode beber água normalmente.
• Evite álcool 24h antes.
• Não suspenda remédios sem orientação médica.",info,Posso beber água?|Estou usando remédio|Voltar ao menu de preparos,,,
2.2.1.1,2.2.1,Posso beber água? (sangue),"✅ Sim. Água não quebra jejum. Evite café, chá e sucos.",info,Voltar|Voltar ao menu de preparos,,,
2.2.1.2,2.2.1,Estou usando remédio (sangue),✅ Não suspenda sem orientação médica. Leve a lista de medicamentos.,info,Voltar|Voltar ao menu de preparos,,,
2.2.2,2.2,Urina (EAS / urocultura),"💧 Preparo para Exames de Urina
• Coleta da primeira urina da manhã é preferida.
• Higienize a região íntima.
• Descarte o primeiro jato, colha o jato médio em frasco estéril.
• Entregar em até 2h (ou refrigerar).",info,Passo a passo da coleta|Estou menstruada|Voltar ao menu de preparos,,,
2.2.2.1,2.2.2,Passo a passo da coleta (urina),"✅ Higienize bem, descarte o primeiro jato, colha o jato médio, tampe bem e leve ao laboratório.",info,Voltar|Voltar ao menu de preparos,,,
2.2.2.2,2.2.2,Estou menstruada (urina),"⚠️ Ideal evitar coleta durante a menstruação. Se for urgente, use tampão e avise a recepção.",info,Voltar|Voltar ao menu de preparos,,,
2.2.3,2.2,Fezes (parasitológico / PB),"💩 Preparo para Exames de Fezes
• Usar frasco apropriado, sem urina junto.
• Não usar laxantes/supos/enteroclisma 72h antes (salvo orientação médica).
• Algumas análises exigem coleta em dias diferentes.",info,Como armazenar?|Estou usando laxante|Voltar ao menu de preparos,,,
2.2.3.1,2.2.3,Como armazenar? (fezes),✅ Conservar bem fechado e refrigerado até a entrega.,info,Voltar|Voltar ao menu de preparos,,,
2.2.3.2,2.2.3,Estou usando laxante (fezes),⚠️ Informe ao laboratório; pode interferir no resultado.,info,Voltar|Voltar ao menu de preparos,,,
2.2.4,2.2,Ultrassom,"Preparo para Ultrassom
• Abdome: jejum 8–12h, evitar alimentos que causam gases.
• Pélvico/urinário/próstata (via abd.): bexiga cheia (tomar água 1h antes, não urinar).
• Transvaginal: normalmente sem preparo.",info,Abdome|Pélvico/urinário|Transvaginal|Voltar ao menu de preparos,,,
2.2.4.1,2.2.4,Abdome (US),"✅ Jejum de 8–12h + evitar feijão, refrigerante e leite na véspera.",info,Voltar|Voltar ao menu de preparos,,,
2.2.4.2,2.2.4,Pélvico/urinário (US),"✅ Beber 4–6 copos de água 1h antes, sem urinar.",info,Voltar|Voltar ao menu de preparos,,,
2.2.4.3,2.2.4,Transvaginal (US),✅ Não precisa jejum nem bexiga cheia.,info,Voltar|Voltar ao menu de preparos,,,
2.2.5,2.2,Mamografia,"Preparo para Mamografia
• No dia do exame, não usar desodorante, cremes ou talcos nas mamas/axilas.
• Vá de blusa (peça de duas partes).
• Leve exames anteriores.",info,Tenho prótese|Estou amamentando|Voltar ao menu de preparos,,,
2.2.5.1,2.2.5,Tenho prótese (mamografia),✅ Informe na recepção. O exame pode ser feito normalmente.,info,Voltar|Voltar ao menu de preparos,,,
2.2.5.2,2.2.5,Estou amamentando (mamografia),"⚠️ Informe ao médico, pode ser necessário adiar ou adaptar.",info,Voltar|Voltar ao menu de preparos,,,
2.2.6,2.2,Tomografia,"Preparo para Tomografia
• Sem contraste: normalmente sem jejum.
• Com contraste iodado: jejum 4–6h + boa hidratação.
• Informe se usa metformina, tem doença renal, alergias ou gestação.",info,Uso metformina|Tenho doença renal|Voltar ao menu de preparos,,,
2.2.6.1,2.2.6,Uso metformina (TC),"⚠️ Informe sempre ao médico e ao setor de radiologia, pois pode ser necessário ajuste.",info,Voltar|Voltar ao menu de preparos,,,
2.2.6.2,2.2.6,Tenho doença renal (TC),⚠️ Informe antes; pode haver restrição ao contraste.,info,Voltar|Voltar ao menu de preparos,,,
2.2.7,2.2,Ressonância Magnética,"🧲 Preparo para Ressonância
• Retire todos os metais (jóias, cartões, moedas).
• Informe se tem marcapasso, próteses ou clipes metálicos.
• Avise se tem claustrofobia.
• Evite maquiagem metálica e tintura recente.",info,Tenho implante|Tenho claustrofobia|Voltar ao menu de preparos,,,
2.2.7.1,2.2.7,Tenho implante (RM),⚠️ Informe o tipo e leve cartão/relatório do dispositivo.,info,Voltar|Voltar ao menu de preparos,,,
2.2.7.2,2.2.7,Tenho claustrofobia (RM),"✅ Avise antes, podemos orientar uso de sedação.",info,Voltar|Voltar ao menu de preparos,,,
2.2.8,2.2,Endoscopia Digestiva Alta,"📍 Preparo para Endoscopia
• Jejum de 8h (inclusive líquidos).
• Anti-hipertensivos podem ser tomados com goles de água.
• Vá acompanhado, pois será feita sedação.",info,Sou diabético(a)|Posso tomar meus remédios?|Voltar ao menu de preparos,,,
2.2.8.1,2.2.8,Sou diabético(a) (EDA),⚠️ Oriente-se antes sobre ajuste de insulina/hipoglicemiante.,info,Voltar|Voltar ao menu de preparos,,,
2.2.8.2,2.2.8,Posso tomar meus remédios? (EDA),✅ Anti-hipertensivos podem ser tomados. Outros somente com autorização médica.,info,Voltar|Voltar ao menu de preparos,,,
2.2.9,2.2,Colonoscopia,"📍 Preparo para Colonoscopia
• É necessário preparo intestinal com dieta + laxativo.
• O protocolo será entregue por escrito no agendamento.
• A qualidade do exame depende do preparo.",info,Uso anticoagulante|Voltar ao menu de preparos,,,
2.2.9.1,2.2.9,Uso anticoagulante (Colonoscopia),⚠️ Informe ao médico; pode ser necessário suspender.,info,Voltar|Voltar ao menu de preparos,,,
2.2.10,2.2,Teste Ergométrico (esteira),"🏃 Preparo para Teste Ergométrico
• Ir com roupa leve e tênis.
• Não ir em jejum → faça refeição leve 1–2h antes.
• Evite café, chás, energéticos e cigarro.
• Não use cremes/óleos no peito.
• Suspensão de remédios (ex.: betabloqueadores) → só com orientação médica.
• 👩 Mulheres: recomendamos uso de TOP (sutiã esportivo) para conforto e posicionamento dos eletrodos.",info,Tenho pressão alta|Uso betabloqueador|Voltar ao menu de preparos,,,
2.2.10.1,2.2.10,Tenho pressão alta (Ergométrico),"✅ Mantenha os remédios, salvo orientação contrária.",info,Voltar|Voltar ao menu de preparos,,,
2.2.10.2,2.2.10,Uso betabloqueador (Ergométrico),⚠️ Só suspenda se seu médico pedir.,info,Voltar|Voltar ao menu de preparos,,,
2.3,2,Resultados,A retirada de exames é presencial no HMASP. Escolha o tipo de exame para ver onde retirar:,menu,Exames de imagem|Exames laboratoriais|Exames cardiológicos|Endoscopia e Colonoscopia|Menu Principal,,resultado|resultados,"Rodapé fixo: 'A entrega é somente presencial. Leve sempre um documento de identificação.'
Botões fixos: Falar com atendente | Voltar ao menu principal"
2.3.1,2.3,Exames de imagem (retirada),"Exames de Imagem devem ser retirados no SRDI – Setor de Radiologia e Diagnóstico por Imagem, localizado no 3º andar do prédio ambulatorial.",info,Voltar ao menu de resultados|Voltar ao menu principal,,,
2.3.2,2.3,Exames laboratoriais (retirada),"🧪 Exames Laboratoriais devem ser retirados no LAC – Laboratório de Análises Clínicas, localizado no 3º andar do prédio ambulatorial.",info,Voltar ao menu de resultados|Voltar ao menu principal,,,
2.3.3,2.3,Exames cardiológicos (retirada),❤️ Exames Cardiológicos devem ser retirados no Setor de Cardiologia.,info,Voltar ao menu de resultados|Voltar ao menu principal,,,
2.3.4,2.3,Endoscopia e Colonoscopia (retirada),"📍 Exames de Endoscopia e Colonoscopia devem ser retirados no respectivo setor, localizado no 1º andar do prédio hospitalar.",info,Voltar ao menu de resultados|Voltar ao menu principal,,,
3,0,Internações/Procedimentos,Escolha uma opção:,menu,Orientações para internação|Preparação pré-operatória|Orientações de alta|Menu Principal,,internações|procedimentos,
3.1,3,Orientações para internação,"🏥 Orientações para Internação
• A Internação é feita na Central de Internação do HMASP, até às 15:00h.
• Levar documento de identidade, cartão do convênio/FUSEX (se aplicável) e guia/autorização.
• Trazer exames recentes, lista de medicamentos em uso e relatórios médicos.
• Objetos pessoais: pijama/camisola, chinelo, itens de higiene.
• Evitar objetos de valor (joias, dinheiro, eletrônicos).
• Um acompanhante pode ser autorizado, conforme regulamento hospitalar.
• Crianças e pacientes vulneráveis têm direito a acompanhante em tempo integral (ECA / Estatuto do Idoso).",info,Documentos necessários|Posso levar acompanhante?|Voltar ao menu de internações/procedimentos|Voltar ao menu principal,,,
3.1.1,3.1,Documentos necessários (internação),"✅ Identidade, cartão convênio/FUSEX, autorização de internação, exames recentes.",info,Voltar|Voltar ao menu de internações/procedimentos,,,
3.1.2,3.1,Acompanhante (internação),"✅ Sim, conforme a Lei do Acompanhante. Crianças, idosos e pessoas com deficiência têm direito a acompanhante integral.",info,Voltar|Voltar ao menu de internações/procedimentos,,,
3.2,3,Preparação pré-operatória,"🩺 Preparação Pré-operatória
• Jejum absoluto de 8 horas antes da cirurgia (inclusive líquidos).
• Não usar maquiagem, esmalte, cremes ou loções no dia da cirurgia.
• Retirar próteses, lentes, piercings e acessórios metálicos.
• Tomar banho com sabonete comum na véspera e no dia do procedimento.
• Usar medicações de rotina somente se liberado pelo médico.
• Levar lista dos medicamentos em uso.
• Informar se faz uso de anticoagulantes, insulina, próteses cardíacas, marcapasso.
• Em caso de sintomas gripais ou febre, comunicar imediatamente.",info,Posso tomar meus remédios?|Sou diabético(a)|Uso anticoagulante|Voltar ao menu de internações/procedimentos|Voltar ao menu principal,,,
3.2.1,3.2,Posso tomar meus remédios? (pré-op),"⚠️ Alguns medicamentos (como anti-hipertensivos) geralmente devem ser mantidos. Outros (anticoagulantes, hipoglicemiantes, AAS) dependem da avaliação médica.",info,Voltar|Voltar ao menu de internações/procedimentos,,,
3.2.2,3.2,Sou diabético(a) (pré-op),✅ Pode haver ajuste de insulina/hipoglicemiante. Confirme com seu médico assistente.,info,Voltar|Voltar ao menu de internações/procedimentos,,,
3.2.3,3.2,Uso anticoagulante (pré-op),⚠️ Informe com antecedência. A suspensão deve ser planejada pelo médico assistente e pela equipe cirúrgica.,info,Voltar|Voltar ao menu de internações/procedimentos,,,
3.3,3,Orientações de alta,"📤 Orientações de Alta
• O paciente receberá relatório médico com diagnóstico, evolução e orientações.
• Serão entregues receitas de medicações e recomendações de uso.
• Tome antibióticos e analgésicos exatamente conforme prescritos.
• Manter repouso conforme prescrito.
• Observar sinais de alerta: febre, dor intensa, sangramento, falta de ar.
• Em caso de intercorrências, procurar o HMASP ou pronto-socorro mais próximo.
• Comparecer às consultas de retorno agendadas.
• Continuar cuidados com feridas/cicatrizes conforme orientação da enfermagem.",info,Posso dirigir após alta?|Cuidados com curativo|Voltar ao menu de internações/procedimentos|Voltar ao menu principal,,,
3.3.1,3.3,Posso dirigir após alta?,"⚠️ Depende do procedimento e do uso de anestesia. Na maioria dos casos, não dirigir por 24h.",info,Voltar|Voltar ao menu de internações/procedimentos,,,
3.3.2,3.3,Cuidados com curativo,✅ Manter seco e limpo; não retirar antes da revisão médica ou de acordo com a orientação da enfermagem.,info,Voltar|Voltar ao menu de internações/procedimentos,,,
3.R,3,Rodapé – Internações/Procedimentos,"⚠️ Estas orientações são gerais e podem variar conforme cada paciente e procedimento.
Sempre siga as recomendações específicas do seu médico assistente e da equipe do HMASP.",note,Falar com atendente|Voltar ao menu de internações/procedimentos|Voltar ao menu principal,,,
4,0,Informações Gerais,Escolha uma opção:,menu,Endereço e como chegar|Abertura de Prontuário|Documentos necessários|Horários de visita|Menu Principal,,informações,
4.1,4,Endereço e como chegar,"📍 O HMASP possui dois acessos:
• Entrada principal: Rua Ouvidor Portugal, 230 – Vila Monumento (Ambulatório, Internações e setores administrativos).
• Entrada PAM: Rua Ari Cajado, 36 – Vila Monumento (Pronto Atendimento Médico).",info,Ver no Google Maps (Entrada principal)|Ver no Google Maps (PAM)|Voltar ao menu de Informações Gerais|Voltar ao menu principal,https://www.google.com/maps/search/?api=1&query=Rua+Ouvidor+Portugal%2C+230+-+Vila+Monumento%2C+S%C3%A3o+Paulo+-+SP|https://www.google.com/maps/search/?api=1&query=Rua+Ari+Cajado%2C+36+-+Vila+Monumento%2C+S%C3%A3o+Paulo+-+SP||,endereço|como chegar,Garantir que ambos os botões abram o Google Maps correto.
4.2,4,Abertura de Prontuário,"A abertura de prontuário é feita no SDM – Setor de Documentação Médica, localizado no 3º andar do prédio ambulatorial, de forma presencial.",info,Voltar ao menu de Informações Gerais|Voltar ao menu principal,,prontuário,
4.3,4,Documentos necessários,"📄 Para atendimento ou abertura de prontuário, leve:
• Documento com foto (RG, CNH ou equivalente)
• Cartão FuSEx ou comprovante de beneficiário (ou Declaração Provisória de Beneficiário do FuSEx), assinada pelo Comandante da OM
• Outros documentos, quando solicitados (ex.: autorização de convênio)",info,Voltar ao menu de Informações Gerais|Voltar ao menu principal,,,
4.4,4,Horários de visita,"🕒 Horários de Visitas no HMASP
• UTI: das 14h às 15h
• Unidade de Internação: das 15h às 16h
• A entrada e saída dos visitantes deverá ser feita pelo bloqueio do 2º andar.
• Proibida a permanência de visitantes após o horário previsto.
• Por questões de segurança, crianças não podem visitar pacientes na UTI. Nas demais unidades de internação, apenas em situações excepcionais, mediante autorização da equipe.",info,Voltar ao menu de Informações Gerais|Voltar ao menu principal,,visita|visitas,
5,0,Avaliar Setores (NPS),📝 Escolha o setor que deseja avaliar:,menu,Ambulatório|Internação|Odontoclínica|Laboratório|Fisioterapia|Radiologia|FuSEx|Pronto Atendimento|Regulação|Teleconsulta|Voltar ao menu principal,https://gesleade.net/spa/apps/nps/form/pesquisa_satisfacao?dep=955&o=5&org=460wrQHcIprL&pid=970|https://gesleade.net/spa/apps/nps/form/pesquisa_satisfacao?dep=956&o=5&org=460wrQHcIprL&pid=970|https://gesleade.net/spa/apps/nps/form/pesquisa_satisfacao?dep=957&o=5&org=460wrQHcIprL&pid=970|https://gesleade.net/spa/apps/nps/form/pesquisa_satisfacao?dep=958&o=5&org=460wrQHcIprL&pid=970|https://gesleade.net/spa/apps/nps/form/pesquisa_satisfacao?dep=959&o=5&org=460wrQHcIprL&pid=970|https://gesleade.net/spa/apps/nps/form/pesquisa_satisfacao?dep=960&o=5&org=460wrQHcIprL&pid=970|https://gesleade.net/spa/apps/nps/form/pesquisa_satisfacao?dep=961&o=5&org=460wrQHcIprL&pid=970|https://gesleade.net/spa/apps/nps/form/pesquisa_satisfacao?dep=954&o=5&org=460wrQHcIprL&pid=970|https://gesleade.net/spa/apps/nps/form/pesquisa_satisfacao?dep=3162&o=5&org=460wrQHcIprL&pid=970|https://gesleade.net/spa/apps/nps/form/pesquisa_satisfacao?dep=2138&o=5&org=460wrQHcIprL&pid=970|,avaliar|avaliação|nps,
6,0,Ouvidoria,"📢 Ouvidoria e Sugestões
Você pode registrar sua manifestação de diferentes formas:

1. Atendimento presencial:
   • 1º andar do prédio ambulatorial
   • 5º andar do prédio hospitalar
   ⏰ Horário de atendimento:
   • Segunda a quinta: 07h às 16h
   • Sexta-feira: 07h às 12h

2. Deseja registrar por aqui?
Canais oficiais: Fala.BR – Plataforma Integrada de Ouvidoria | Ouvidoria do Exército Brasileiro",menu,Registrar manifestação|Voltar ao menu principal,,ouvidoria|elogio|reclamação,
6.1,6,Registrar manifestação (ouvidoria),Abra o campo para o paciente escrever livremente a manifestação.,input,Enviar|Voltar ao menu principal,input:free_text|,,"Após 2 minutos de inatividade, agradecer e encerrar de forma cordial."
7,0,Falar com atendente,"Estamos ampliando nosso atendimento humano neste canal.
No momento, a disponibilidade ainda é limitada.
Se desejar, você pode entrar na fila para falar com um atendente.
⚠️ O tempo de espera pode variar.",handoff,Entrar na fila|Voltar ao menu principal,,falar|atendente,"Regra de contingência: Se não houver atendente disponível em 5 minutos, perguntar 'Quer que a gente te chame aqui no WhatsApp quando um atendente estiver livre?' (Sim/Não). Se Sim → entra em lista de retorno; Se Não → retornar ao menu principal."
FALLBACK,,Fallback,"Não entendi sua escolha. Por favor, digite o número da opção ou escreva Atendente.",fallback,Falar com atendente|Voltar ao menu principal,,,
LGPD,,LGPD & Consentimento,"Para continuar recebendo lembretes e avisos do HMASP por WhatsApp, você autoriza contato? (Sim/Não). Você pode cancelar a qualquer momento digitando PARAR.

⚠️ Seus dados serão utilizados exclusivamente para comunicações relacionadas ao seu atendimento no HMASP, conforme a LGPD.
Saiba mais: Fala.BR – Acesso à Informação (LGPD e Ouvidoria)",consent,Sim|Não,,,
